{
  "categories": [
    {
      "id": 0,
      "name": "armrest"
    },
    {
      "id": 1,
      "name": "backrest"
    },
    {
      "id": 2,
      "name": "base"
    },
    {
      "id": 3,
      "name": "caster"
    },
    {
      "id": 4,
      "name": "cylinder"
    },
    {
      "id": 5,
      "name": "lever"
    },
    {
      "id": 6,
      "name": "mount"
    },
    {
      "id": 7,
      "name": "seat"
    }
  ],
  "info": {
    "year": 2025,
    "version": "1.0",
    "contributor": "Label Studio"
  }
}